id;text;label
1;I'm really impressed with the quality of this product.;positive
2;Works perfectly and better than I expected.;positive
3;Excellent product, I highly recommend it.;positive
4;Great value for the price, worth every penny.;positive
5;I love the design and performance of this item.;positive
6;Fast delivery and the product arrived in perfect condition.;positive
7;Very satisfied, I would definitely buy it again.;positive
8;It has made my daily routine much easier.;positive
9;Customer service was friendly and helpful.;positive
10;This product exceeded my expectations.;positive
11;High-quality materials and solid construction.;positive
12;Performs exactly as advertised.;positive
13;Amazing results after just one week of using it.;positive
14;The color and style look even better in person.;positive
15;This is one of the best purchases I've ever made.;positive
16;Works great and easy to use.;positive
17;My family loves it too, we're very happy.;positive
18;Really good product for home use.;positive
19;The battery lasts a long time and charges quickly.;positive
20;Very convenient and user-friendly.;positive
21;I'm extremely pleased with this purchase.;positive
22;I received what I ordered and everything works flawlessly.;positive
23;The packaging was neat and secure.;positive
24;Super comfortable and durable.;positive
25;A great upgrade from my previous version.;positive
26;Absolutely worth it, highly satisfied.;positive
27;It looks premium and feels high-end.;positive
28;Very effective and simple to operate.;positive
29;Works smoothly with no issues.;positive
30;I would recommend this product to my friends.;positive
31;The product is okay, nothing special.;neutral
32;It works fine but nothing extraordinary.;neutral
33;The quality seems decent but time will tell.;neutral
34;The packaging was standard and acceptable.;neutral
35;Delivery took an average amount of time.;neutral
36;It performs as expected, no complaints so far.;neutral
37;The product matches the description.;neutral
38;It's neither great nor terrible, just average.;neutral
39;I'm still testing it so I can't say much yet.;neutral
40;It's functional but not impressive.;neutral
41;The price is reasonable for what you get.;neutral
42;The design is simple and practical.;neutral
43;Not bad, but not amazing either.;neutral
44;It does what it's supposed to do.;neutral
45;Works properly but doesn't stand out.;neutral
46;Nothing remarkable about it, but it's fine.;neutral
47;I don't feel strongly about this product.;neutral
48;It's acceptable for basic needs.;neutral
49;The performance is moderate.;neutral
50;The build quality looks average.;neutral
51;It arrived on time and undamaged.;neutral
52;Works okay, but I expected a bit more.;neutral
53;It's usable, but I'm neutral about it.;neutral
54;The product feels normal, not too light or heavy.;neutral
55;It's okay for occasional use.;neutral
56;I don't regret buying it, but I'm not impressed.;neutral
57;It's fair for the price.;neutral
58;Neither positive nor negative experience.;neutral
59;I might consider other options in the future.;neutral
60;It's fine if you're not looking for something special.;neutral
61;Very disappointing quality, it broke within a week.;negative
62;The product stopped working after only two days.;negative
63;Not worth the money at all.;negative
64;Terrible experience, I do not recommend.;negative
65;Looks completely different from the pictures.;negative
66;Customer service was unhelpful and rude.;negative
67;The product arrived damaged and unusable.;negative
68;Poor performance and extremely slow.;negative
69;The materials feel cheap and fragile.;negative
70;It's a waste of money, I regret buying it.;negative
71;Does not work as advertised.;negative
72;The battery drains too fast and overheats.;negative
73;Delivery was late and packaging was terrible.;negative
74;Extremely low-quality item.;negative
75;The instructions were confusing and incomplete.;negative
76;Fell apart after minimal use.;negative
77;Very uncomfortable and poorly designed.;negative
78;It malfunctioned right out of the box.;negative
79;The features don't work properly.;negative
80;Completely useless and unreliable.;negative
81;The size is wrong and doesn't fit at all.;negative
82;Way overpriced for the quality.;negative
83;This product caused more problems than it solved.;negative
84;The noise level is annoying and unbearable.;negative
85;I asked for help but never received a response.;negative
86;I'm really unhappy with this purchase.;negative
87;The product freezes and crashes constantly.;negative
88;Smells bad and feels unsafe to use.;negative
89;I expected better, this is terrible.;negative
90;Do yourself a favor and buy something else.;negative